"STOREDID,ADDRESS,MANAGER"
"STORE 1,Thanh Hóa,Reginald Blotchet-Halls"
"STORE 2,Ninh Bình,Cheryl Carson"
"STORE 3,Thanh Hóa,Michel DeFrance"
"STORE 4,Sóc Trăng,Innes del Castillo"
"STORE 5,Phú Yên,Ann Dull"
"STORE 6,Quảng Bình,Marjorie Green"
"STORE 7,Gia Lai,Morningstar Greene"
"STORE 8,Vĩnh Phúc,Abraham Bennet"
"STORE 9,Bến Tre,Reginald Blotchet-Halls"
"STORE 10,Đồng Tháp,Cheryl Carson"
"STORE 11,Bắc Kạn,Michel DeFrance"
"STORE 12,Bà Rịa Vũng Tàu,Innes del Castillo"
"STORE 13,Lào Cai,Ann Dull"
"STORE 14,Hà Nội,Marjorie Green"
"STORE 15,Vĩnh Long,Morningstar Greene"
"STORE 16,Long An,Abraham Bennet"
"STORE 17,Bến Tre,Reginald Blotchet-Halls"
"STORE 18,Điện Biên,Cheryl Carson"
"STORE 19,Sóc Trăng,Michel DeFrance"
"STORE 20,Đắk Nông,Innes del Castillo"
"STORE 21,Hậu Giang,Ann Dull"
"STORE 22,Hải Dương,Marjorie Green"
"STORE 23,Quảng Bình,Morningstar Greene"
"STORE 24,Sơn La,Abraham Bennet"
"STORE 25,Bình Phước,Reginald Blotchet-Halls"
"STORE 26,Đắk Nông,Cheryl Carson"
"STORE 27,Lâm Đồng,Michel DeFrance"
"STORE 28,Quảng Nam,Innes del Castillo"
"STORE 29,Hà Tĩnh,Ann Dull"
"STORE 30,Đắk Lắk,Marjorie Green"
"STORE 31,Thanh Hóa,Morningstar Greene"
"STORE 32,Yên Bái,Burt Gringlesby"
"STORE 33,Quảng Bình,Sheryl Hunter"
"STORE 34,Bạc Liêu,Livia Karsen"
"STORE 35,Bình Thuận,Charlene Locksley"
"STORE 36,Bình Thuận,Stearns MacFeather"
"STORE 37,Hà Nội,Heather McBadden"
"STORE 38,Điện Biên,Michael O'Leary"
"STORE 39,Phú Yên,Sylvia Panteley"
"STORE 40,Hà Tĩnh,Albert Ringer"
"STORE 41,Hải Dương,Anne Ringer"
"STORE 42,Đồng Tháp,Meander Smith"
"STORE 43,Vĩnh Long,Dean Straight"
"STORE 44,Tuyên Quang,Dirk Stringer"
"STORE 45,Thái Bình,Johnson White"
"STORE 46,Hậu Giang,Akiko Yokomoto"
"STORE 47,Vĩnh Phúc,Abraham Bennet"
"STORE 48,Gia Lai,Reginald Blotchet-Halls"
"STORE 49,Lào Cai,Cheryl Carson"
"STORE 50,Lâm Đồng,Michel DeFrance"
"STORE 51,Trà Vinh,Innes del Castillo"
"STORE 52,Quảng Nam,Ann Dull"
"STORE 53,Bình Dương,Marjorie Green"
"STORE 54,Lạng Sơn,Morningstar Greene"
"STORE 55,Phú Thọ,Burt Gringlesby"
"STORE 56,Phú Thọ,Sheryl Hunter"
"STORE 57,Kiên Giang,Livia Karsen"
"STORE 58,Bình Thuận,Charlene Locksley"
"STORE 59,Phú Yên,Stearns MacFeather"
"STORE 60,Hà Giang,Heather McBadden"
"STORE 61,Sóc Trăng,Michael O'Leary"
"STORE 62,Hậu Giang,Sylvia Panteley"
"STORE 63,Cần Thơ,Albert Ringer"
"STORE 64,Điện Biên,Anne Ringer"
"STORE 65,Phú Yên,Meander Smith"
"STORE 66,Bà Rịa Vũng Tàu,Dean Straight"
"STORE 67,Nam Định,Dirk Stringer"
"STORE 68,An Giang,Johnson White"
"STORE 69,Vĩnh Phúc,Akiko Yokomoto"
"STORE 70,Lào Cai,Nguyễn Tuấn Minh"
"STORE 71,Tây Ninh,Lê Văn Tiệp"
"STORE 72,Điện Biên,Đinh Minh"
"STORE 73,Lai Châu,Lê Vy"
"STORE 74,Đồng Tháp,Burt Gringlesby"
"STORE 75,Thái Nguyên,Sheryl Hunter"
"STORE 76,Gia Lai,Livia Karsen"
"STORE 77,Nghệ An,Charlene Locksley"
"STORE 78,Hải Phòng,Stearns MacFeather"
"STORE 79,Đắk Nông,Heather McBadden"
"STORE 80,Nam Định,Michael O'Leary"
"STORE 81,Bình Dương,Sylvia Panteley"
"STORE 82,Vĩnh Phúc,Albert Ringer"
"STORE 83,Yên Bái,Anne Ringer"
"STORE 84,Ninh Bình,Meander Smith"
"STORE 85,Bà Rịa Vũng Tàu,Dean Straight"
"STORE 86,Bắc Giang,Dirk Stringer"
"STORE 87,Hải Phòng,Johnson White"
"STORE 88,Phú Yên,Akiko Yokomoto"
"STORE 89,Gia Lai,Abraham Bennet"
"STORE 90,Vĩnh Long,Reginald Blotchet-Halls"
"STORE 91,Yên Bái,Cheryl Carson"
"STORE 92,Bình Thuận,Michel DeFrance"
"STORE 93,Bắc Kạn,Innes del Castillo"
"STORE 94,Khánh Hòa,Ann Dull"
"STORE 95,Sơn La,Marjorie Green"
"STORE 96,Thái Bình,Morningstar Greene"
"STORE 97,Kiên Giang,Burt Gringlesby"
"STORE 98,Trà Vinh,Sheryl Hunter"
"STORE 99,Điện Biên,Livia Karsen"
"STORE 100,Đồng Nai,Charlene Locksley"
"STORE 101,Đồng Tháp,Stearns MacFeather"
"STORE 102,Đồng Tháp,Heather McBadden"
"STORE 103,Bạc Liêu,Michael O'Leary"
"STORE 104,TP Hồ Chí Minh,Sylvia Panteley"
"STORE 105,Quảng Nam,Albert Ringer"
"STORE 106,Hậu Giang,Anne Ringer"
"STORE 107,Sơn La,Meander Smith"
"STORE 108,Hà Nam,Dean Straight"
"STORE 109,#N/A,Dirk Stringer"
"STORE 110,#N/A,Johnson White"
"STORE 111,Ninh Thuận,Akiko Yokomoto"
"STORE 112,Vĩnh Long,Abraham Bennet"
"STORE 113,Nghệ An,Reginald Blotchet-Halls"
"STORE 114,An Giang,Cheryl Carson"
"STORE 115,Bà Rịa Vũng Tàu,Michel DeFrance"
"STORE 116,Quảng Nam,Innes del Castillo"
"STORE 117,Kiên Giang,Ann Dull"
"STORE 118,Kiên Giang,Marjorie Green"
"STORE 119,Tây Ninh,Morningstar Greene"
"STORE 120,Bình Dương,Burt Gringlesby"
"STORE 121,Hải Phòng,Sheryl Hunter"
"STORE 122,Hà Nam,Livia Karsen"
"STORE 123,Thái Bình,Charlene Locksley"
"STORE 124,Phú Yên,Stearns MacFeather"
"STORE 125,Quảng Ninh,Heather McBadden"
"STORE 126,Cà Mau,Michael O'Leary"
"STORE 127,Lâm Đồng,Sylvia Panteley"
"STORE 128,Bạc Liêu,Albert Ringer"
"STORE 129,Đồng Nai,Anne Ringer"
"STORE 130,Phú Yên,Meander Smith"
"STORE 131,Lâm Đồng,Dean Straight"
"STORE 132,Tuyên Quang,Dirk Stringer"
"STORE 133,Lai Châu,Johnson White"
"STORE 134,Bến Tre,Akiko Yokomoto"
"STORE 135,Sơn La,Nguyễn Tuấn Minh"
"STORE 136,Bà Rịa Vũng Tàu,Lê Văn Tiệp"
"STORE 137,Trà Vinh,Đinh Minh"
"STORE 138,Thanh Hóa,Lê Vy"
"STORE 139,Vĩnh Long,Burt Gringlesby"
"STORE 140,Lâm Đồng,Sheryl Hunter"
"STORE 141,Ninh Thuận,Livia Karsen"
"STORE 142,Trà Vinh,Charlene Locksley"
"STORE 143,Vĩnh Long,Stearns MacFeather"
"STORE 144,Bà Rịa Vũng Tàu,Heather McBadden"
"STORE 145,Hải Phòng,Michael O'Leary"
"STORE 146,Bình Dương,Sylvia Panteley"
"STORE 147,Yên Bái,Albert Ringer"
"STORE 148,Quảng Trị,Anne Ringer"
"STORE 149,Bến Tre,Meander Smith"
"STORE 150,Bình Thuận,Dean Straight"
"STORE 151,Lâm Đồng,Dirk Stringer"
"STORE 152,Tiền Giang,Johnson White"
"STORE 153,Tiền Giang,Akiko Yokomoto"
"STORE 154,Ninh Bình,Abraham Bennet"
"STORE 155,Kon Tum,Reginald Blotchet-Halls"
"STORE 156,Thái Nguyên,Cheryl Carson"
"STORE 157,Vĩnh Phúc,Michel DeFrance"
"STORE 158,Nghệ An,Innes del Castillo"
"STORE 159,Đồng Tháp,Ann Dull"
"STORE 160,Hậu Giang,Marjorie Green"
"STORE 161,Bình Phước,Morningstar Greene"
"STORE 162,Lào Cai,Burt Gringlesby"
"STORE 163,Trà Vinh,Sheryl Hunter"
"STORE 164,Lai Châu,Livia Karsen"
"STORE 165,Tiền Giang,Charlene Locksley"
"STORE 166,Bạc Liêu,Stearns MacFeather"
"STORE 167,Cao Bằng,Heather McBadden"
"STORE 168,Quảng Nam,Michael O'Leary"
"STORE 169,Đồng Nai,Sylvia Panteley"
"STORE 170,Tiền Giang,Albert Ringer"
"STORE 171,Bạc Liêu,Anne Ringer"
"STORE 172,Gia Lai,Meander Smith"
"STORE 173,Cần Thơ,Dean Straight"
"STORE 174,Vĩnh Long,Dirk Stringer"
"STORE 175,Phú Yên,Johnson White"
"STORE 176,Cần Thơ,Akiko Yokomoto"
"STORE 177,Quảng Bình,Abraham Bennet"
"STORE 178,Bình Định,Reginald Blotchet-Halls"
"STORE 179,Tuyên Quang,Cheryl Carson"
"STORE 180,Đồng Nai,Michel DeFrance"
"STORE 181,Vĩnh Long,Innes del Castillo"
"STORE 182,Tây Ninh,Ann Dull"
"STORE 183,Trà Vinh,Marjorie Green"
"STORE 184,Thái Bình,Morningstar Greene"
"STORE 185,Đắk Lắk,Burt Gringlesby"
"STORE 186,Thanh Hóa,Sheryl Hunter"
"STORE 187,Tiền Giang,Livia Karsen"
"STORE 188,Tuyên Quang,Charlene Locksley"
"STORE 189,Khánh Hòa,Stearns MacFeather"
"STORE 190,Thái Nguyên,Heather McBadden"
"STORE 191,Cà Mau,Michael O'Leary"
"STORE 192,Lâm Đồng,Sylvia Panteley"
"STORE 193,Sơn La,Albert Ringer"
"STORE 194,Đắk Nông,Anne Ringer"
"STORE 195,Hà Tĩnh,Meander Smith"
"STORE 196,Yên Bái,Dean Straight"
"STORE 197,Đắk Nông,Dirk Stringer"
"STORE 198,Kiên Giang,Johnson White"
"STORE 199,Phú Yên,Akiko Yokomoto"
"STORE 200,Thanh Hóa,Nguyễn Tuấn Minh"
"STORE 201,Đồng Nai,Lê Văn Tiệp"
"STORE 202,Quảng Ninh,Đinh Minh"
"STORE 203,Đà Nẵng,Lê Vy"
"STORE 204,Vĩnh Long,Morningstar Greene"
"STORE 205,Điện Biên,Burt Gringlesby"
"STORE 206,Bình Phước,Sheryl Hunter"
"STORE 207,Điện Biên,Livia Karsen"
"STORE 208,Hưng Yên,Charlene Locksley"
"STORE 209,Nghệ An,Stearns MacFeather"
"STORE 210,Long An,Heather McBadden"
"STORE 211,Thái Nguyên,Michael O'Leary"
"STORE 212,Bình Phước,Sylvia Panteley"
"STORE 213,Lạng Sơn,Albert Ringer"
"STORE 214,Phú Thọ,Anne Ringer"
"STORE 215,Hải Dương,Meander Smith"
"STORE 216,Đà Nẵng,Dean Straight"
"STORE 217,Hậu Giang,Dirk Stringer"
"STORE 218,Đồng Tháp,Johnson White"
"STORE 219,Kon Tum,Akiko Yokomoto"
"STORE 220,TP Hồ Chí Minh,Nguyễn Tuấn Minh"
"STORE 221,Hải Dương,Lê Văn Tiệp"
"STORE 222,Bình Định,Đinh Minh"
"STORE 223,Quảng Bình,Lê Vy"
"STORE 224,Hà Giang,Morningstar Greene"
"STORE 225,Cần Thơ,Burt Gringlesby"
